image,avg_r,avg_g,avg_b,dom_r,dom_g,dom_b,colorfulness,entropy,harris,edge_density,sharpness,is_banksy
Banksy1.jpg,130.04149375,128.26748958333334,129.43809583333334,108,112,111,14.924557004653755,6.825813766430966,12984,10.7195625,216,1
Banksy10.jpg,175.61316266980532,177.56028606264766,179.348329807437,194,198,199,13.526908198818072,6.589080301230877,19411,10.014763105426836,255,1
Banksy100.jpg,103.55878960055097,99.8201231060606,89.01568526170799,233,210,179,22.878946086996862,7.51624610228742,30225,35.703512396694215,255,1
Banksy101.jpg,161.20768887362638,142.25987637362638,131.07382898351648,211,201,210,22.237493068420914,7.357627217755712,10499,13.818337912087912,239,1
Banksy102.jpg,125.83921893491124,91.94831479289941,88.6721325443787,138,112,111,63.881769666363255,7.432808276263577,7569,15.743609467455622,255,1
Banksy103.jpg,203.69742922598593,191.17250040909835,176.22867452135495,218,203,182,13.212156809916776,6.755961295752834,28362,14.911094747177222,255,1
Banksy104.jpg,196.48973922077923,180.92810181818183,182.88161662337663,209,209,209,45.997721158814315,6.4390961072962,61196,24.786794805194805,255,1
Banksy11.jpg,134.65841742621527,128.73076985677082,117.14323052300347,6,5,3,31.108709294562605,7.709149886743808,29021,17.33721923828125,255,1
Banksy12.jpg,119.26010131835938,121.98435719807942,118.92792638142903,66,73,79,11.365639069629198,7.336955336001649,27272,21.425094604492188,255,1
Banksy13.jpg,113.72896887582357,108.9756459896596,83.28381079566252,10,2,0,41.71746075745608,7.816639644954819,27973,13.88588230920571,255,1
Banksy14.jpg,118.8589628597553,114.14465392374566,118.02026385683807,78,82,94,21.145251485592873,7.701479775772868,11037,15.609918578830495,255,1
Banksy15.jpg,152.12237913995727,147.30148237179486,143.97380475427352,225,224,219,13.759411383118398,7.535710279959318,10715,12.454577323717949,255,1
Banksy16.jpg,127.07330870917573,91.55001296008294,79.5492288750648,33,19,10,31.28663887065224,7.318790301567198,3117,6.213889968895801,152,1
Banksy17.jpeg,126.64161476725522,134.54638683788122,141.1923194221509,140,140,150,10.792703597572352,6.929432380089407,26797,16.421508828250403,255,1
Banksy18.jpeg,110.33124673458725,107.57849888975967,106.86321675809822,27,25,26,14.607188820775109,6.6597610967310095,11141,9.818549177115987,255,1
Banksy19.jpeg,131.7115881656463,128.527174540834,130.97372971294905,171,177,177,23.28276671042639,7.667771451804318,34629,25.620677269839437,255,1
Banksy2.jpg,169.2583796875,164.9502546875,148.8069765625,207,194,159,18.502811036681955,7.620636089246584,85673,45.607546875,255,1
Banksy20.jpg,142.433876953125,131.78929850260417,130.66560384114584,158,153,157,32.498640711691216,6.069203805486049,24706,12.65205078125,255,1
Banksy21.jpeg,119.5818459169708,132.93186159899636,147.8545534899635,152,197,239,30.102955362651123,7.29360693141796,10500,6.734538948448905,255,1
Banksy22.jpg,118.41968527640941,118.27214285714285,116.74701696770663,105,109,110,5.173838053059007,7.077124346120284,27065,26.238341543513958,255,1
Banksy23.jpg,138.3481655534351,139.7695014312977,143.27899570610688,92,92,92,11.310244661601066,7.3944779124251685,31523,29.425978053435113,255,1
Banksy24.jpeg,161.91613330696202,159.36338014240508,160.97261471518988,163,163,163,8.992580414628755,6.405952883298062,13467,11.698931962025316,255,1
Banksy25.jpeg,154.96884798728814,156.22890095338983,156.77879237288136,167,167,167,3.9649718256480195,5.369688090368725,5677,6.245338983050847,255,1
Banksy26.jpg,113.23090112449363,114.93061346333184,118.9058588141255,144,141,150,13.961667252228382,7.2437397106498205,13336,11.414473846518215,255,1
Banksy27.jpg,137.40758601937907,136.4603791773779,137.93277387779315,134,134,134,12.035695096588627,6.314358339880322,12733,16.448054676685782,255,1
Banksy28.jpg,137.71597830376857,125.69943412729735,127.1769458874228,4,4,6,42.07466240118755,7.396563874370469,30742,37.81792339118284,255,1
Banksy29.jpeg,161.3240125,140.59824375,140.02724583333332,161,155,157,30.26240662614191,7.321841994748165,17926,26.37603125,255,1
Banksy3.jpg,146.30568870054472,112.1481799204415,77.27695962048452,248,223,183,42.30297166293191,7.921932408024043,37540,24.174978273724196,255,1
Banksy30.jpeg,94.46685185185186,88.0358658008658,65.17173160173161,18,23,16,47.61979572839889,7.584175629630933,157337,35.673935786435784,255,1
Banksy31.jpg,143.729564269498,146.35973623562836,148.3537944560557,154,154,154,11.273877343392424,7.336372416049205,11116,26.549937556596042,255,1
Banksy32.jpg,124.04536816578484,127.47268518518518,126.55019620811288,131,140,139,28.344792981372574,7.254449610709918,31479,18.07767857142857,255,1
Banksy33.jpg,152.75928097345133,167.695755899705,179.9866592920354,196,196,198,30.626946131609305,7.743016078191711,32518,22.953761061946903,255,1
Banksy34.jpg,90.39851423409577,96.05404439770528,98.45129577572395,252,253,255,15.178119129454766,7.367278117289526,59596,30.311916462744623,255,1
Banksy35.jpg,121.26010942760942,110.40887626262626,106.05561868686868,170,144,131,22.0664062897641,7.443106724231894,36832,46.842297979797976,255,1
Banksy36.jpg,81.54737209302326,74.05465503875969,77.1334534883721,218,197,166,19.22121904720819,7.287083721334071,56267,42.45651162790698,255,1
Banksy37.jpg,127.60584261321455,126.42050853749072,128.2720564216778,28,38,39,13.348278476997965,7.6679271029779565,28901,46.08646993318486,255,1
Banksy38.jpg,168.6724655172414,159.01303448275863,142.30341379310346,176,139,86,30.673852588789295,7.546131725055785,18380,24.573060344827585,255,1
Banksy39.jpg,156.7840625,165.33140833333334,165.10125416666668,186,202,215,18.15246409287988,7.335736310957471,19033,20.580625,255,1
Banksy4.jpeg,137.24272497897394,133.2892661900757,122.49626576955424,170,164,150,18.35137118228877,7.4091673076930284,48714,25.70106181665265,255,1
Banksy40.jpg,128.8084,125.34600833333333,123.2443875,120,114,118,19.901091093705322,6.863558427489047,19448,20.08125,255,1
Banksy41.jpg,133.3650887385087,122.94319478581461,103.78297669018131,145,133,117,21.305843794301925,7.3275208548132325,64672,26.92302014172625,255,1
Banksy42.jpg,112.85277655677656,114.81862637362637,116.57257875457876,112,116,117,9.574079423852721,7.270539348362085,32496,34.68653846153846,255,1
Banksy43.jpg,120.91785504047094,121.87298013245034,119.81963208241353,182,192,191,6.653628714307395,7.440885199714412,23902,36.85491169977925,255,1
Banksy44.jpg,154.31910370370372,141.7104111111111,143.7164962962963,176,187,193,43.06968945701149,6.826332005717806,11129,15.691,255,1
Banksy45.jpg,177.47792167851284,169.74887575177692,158.61384807271733,145,144,139,46.2502896953637,7.6066846292723875,21162,13.898040254237289,255,1
Banksy46.jpg,132.89122320768664,123.0959977827051,121.54373983739838,130,104,79,15.390997924320995,7.23727935730461,21682,29.15160753880266,255,1
Banksy47.jpg,59.41073653198653,56.17107323232323,54.2979335016835,47,43,40,11.559721217276518,6.789378522592231,7614,16.93667929292929,255,1
Banksy48.jpg,125.90338308457711,121.70626865671642,105.48155887230514,123,121,100,14.905966836297056,7.402615816449711,7530,14.207898009950249,255,1
Banksy49.jpg,85.69343651398107,110.69098846697857,102.29466597758677,50,70,69,32.36925577154687,7.789678238905132,48520,39.84114895005984,255,1
Banksy5.jpg,156.14163428357088,153.21139647411852,138.37087959489872,188,187,166,16.419916016271987,7.466328704630617,4965,6.941528507126781,71,1
Banksy50.jpg,143.20569413511507,142.81912769116556,139.7132887899035,150,150,152,11.957783011726436,7.850855956395745,83420,50.05439866369711,255,1
Banksy51.jpg,186.63481604120676,179.9885025754231,179.06366813833702,248,231,213,21.460863996445195,7.104413617568059,15166,15.069205298013244,255,1
Banksy52.jpg,106.17175928751628,99.9665896097819,85.03768666585286,115,113,114,21.92523722241051,7.387191930868619,8647,7.8221893310546875,255,1
Banksy53.jpg,177.95521086332525,160.4525855597262,161.25618017222345,251,255,255,56.5481307643611,7.129059079890475,2961,5.097747847206889,195,1
Banksy54.jpg,132.0443676900585,134.00016081871345,126.64001461988305,28,29,24,17.84746240151603,7.712089875326036,31399,36.2359100877193,255,1
Banksy55.jpg,108.98584014956765,106.99110306146297,110.5212666510867,120,115,121,17.249397919319353,7.435093897250311,31711,36.08914465996728,255,1
Banksy56.jpeg,147.32396825738445,131.17576849619937,137.00400369700796,207,202,206,16.283267985754406,6.986742811556627,4631,3.473674959825528,171,1
Banksy57.jpg,106.28977667493797,103.78563275434243,96.72937551695617,88,76,88,35.47548934943566,7.673540305661492,27844,30.881575682382135,255,1
Banksy58.jpg,161.32050833333332,156.96683333333334,149.13844166666667,49,31,29,25.40472468082726,7.671395266221576,38471,31.8835,255,1
Banksy59.jpg,129.98470805617148,127.92576127124907,127.93787878787879,255,254,250,6.094392873446572,6.930844085291215,4677,16.305487804878048,255,1
Banksy6.jpg,157.58911944310918,177.3523503474633,168.6998062395034,101,125,112,28.24176873881777,6.797366108980467,32527,11.9084592924923,255,1
Banksy60.jpg,145.931953125,133.66226215277777,117.83752256944445,166,144,120,21.19003295906963,7.464213008918336,8123,6.126640625,255,1
Banksy61.jpg,164.20702008928572,164.19152901785714,163.63752604166666,222,224,221,12.438470102465574,7.360500901366934,13258,16.00390625,255,1
Banksy62.jpg,119.63537688442212,151.13536013400335,150.28379396984926,126,124,127,49.7166584950983,7.631188290511062,18188,20.771608040201006,255,1
Banksy63.jpg,165.54636741479635,171.8853200332502,165.68479634247714,50,54,39,17.018241938775823,7.068630156803006,18118,19.456733167082295,255,1
Banksy64.jpg,120.7039800443459,123.85451589061346,119.3259349593496,201,201,193,8.340409020457036,7.174142207786349,3868,19.370953436807095,255,1
Banksy65.jpg,160.00641336270192,147.82556534508078,145.5240528634361,255,255,255,42.48108499527476,7.254304282563508,42243,35.52026431718062,255,1
Banksy66.jpg,140.59109992542878,140.64410887397466,139.9960067114094,169,176,184,21.146859683455528,6.672619571668856,8366,11.556767337807607,255,1
Banksy67.jpg,117.06932592592592,121.24518888888889,112.29376296296296,103,107,74,14.248389930912982,7.0664968769211125,964,4.432277777777778,142,1
Banksy68.jpg,129.54710975609757,135.88426016260163,122.99389837398374,163,168,162,25.65275341435172,7.31877221099112,17727,30.77207317073171,255,1
Banksy69.jpg,160.59388639760837,158.51185351270553,159.9575,157,165,176,10.544585614950083,7.205063540704,19540,18.573262331838563,255,1
Banksy7.jpg,150.0304768410556,137.85929930354354,135.32271178322694,213,211,212,16.044602002121348,7.730846288313112,6831,14.098090829858902,144,1
Banksy70.jpg,144.9000200803213,152.94323866896156,160.71752151462994,64,110,159,31.886038319143314,7.489604576151115,30686,31.70748709122203,255,1
Banksy71.jpg,188.09122194513716,169.34381546134662,159.01019118869493,186,169,143,30.52564043011169,7.322011932330096,46587,47.54064837905237,255,1
Banksy72.jpg,140.57717948717948,141.08570512820512,139.09111932938856,98,139,159,32.884530652461855,7.646185048173743,23982,33.636612426035505,255,1
Banksy73.jpeg,143.07880546191691,132.2259731459548,121.98904427842565,162,144,130,23.523971390734605,7.219070675228193,30282,14.163117255830905,255,1
Banksy74.jpg,150.72114675516224,140.33233038348084,140.04123525073746,73,67,31,36.887549508021934,7.632021760918637,15198,24.084900442477878,255,1
Banksy75.jpg,128.49262790697674,111.22760077519379,75.5379031007752,52,50,35,42.96041841495315,7.577768027070079,10470,13.33610465116279,255,1
Banksy76.jpg,117.40339649822695,116.13784768395391,102.60794363179669,100,97,90,15.208343789591465,7.379922386372135,24037,25.41216478280142,255,1
Banksy77.jpg,44.74460069444444,38.58337673611111,36.75032118055555,0,0,0,28.904559389128256,6.056775735231135,21804,26.556966145833332,255,1
Banksy78.jpg,161.01472713864308,167.81180309734512,167.0345132743363,191,202,208,13.209953803230556,7.410276044438069,18732,21.649612831858406,255,1
Banksy79.jpg,142.70401433691757,130.0007275985663,120.70420430107526,77,70,52,26.49627118879562,7.878947255665993,26011,36.78397849462365,255,1
Banksy8.jpg,141.87913196251952,149.6703474752733,153.76105869338886,132,149,179,16.942076410093264,7.241149899438348,4623,9.614767699115044,255,1
Banksy80.jpg,129.69501531606795,121.22900538382994,110.01145688294811,116,114,115,21.516886966841042,7.282723355141522,39999,29.10853522695628,255,1
Banksy81.jpg,138.2426290047269,118.91788012079832,86.62865185136555,89,59,31,37.466437365184476,7.638556045537825,56721,35.573939732142854,255,1
Banksy82.jpg,111.36437407407408,113.3529962962963,112.69468518518518,96,104,107,4.149408013931516,6.438326284329015,2150,4.573,255,1
Banksy83.jpg,146.7189808682855,148.97946284032378,156.77982707873437,121,122,124,21.641991596138062,7.448794044711771,25917,24.88830022075055,255,1
Banksy84.jpg,104.3260146935544,84.58594332153503,81.67776493805887,74,49,45,27.65523756360684,7.380601344043873,34150,23.463871553651266,255,1
Banksy85.jpg,133.3796590909091,130.91520454545454,123.10570833333334,65,70,64,24.556632197641818,7.7861445937442175,81531,61.26375,255,1
Banksy86.jpg,124.84526235383983,123.2287231917269,118.20547153181738,120,108,108,18.6285637785068,6.964590570714212,19756,12.651859686233033,255,1
Banksy87.jpg,115.9878721859114,106.5003776325345,97.55220769789398,218,181,163,14.596913580801965,7.422708973890344,17704,22.025,255,1
Banksy88.jpg,74.9043149540518,73.87887218045113,62.785225563909776,45,43,46,32.73171602205751,7.254542611532429,10625,24.377318295739347,255,1
Banksy89.jpg,80.10145645645646,72.85961711711711,52.15313438438439,111,98,63,23.902302225047816,7.24170035498775,3906,13.224774774774774,181,1
Banksy9.jpg,146.11523547659334,144.30258037225042,145.8572352650874,119,119,121,12.985333451392858,7.1172052366936,7408,10.573313240270728,255,1
Banksy90.jpg,106.10704562178073,100.44212656364974,97.29718175128771,33,19,16,25.058719858161265,7.765289603543573,26214,34.30491169977925,255,1
Banksy91.jpg,131.97651982378855,127.39330029368575,136.9685389133627,154,140,155,14.254198629525838,6.803501100216144,13679,38.7704845814978,250,1
Banksy92.jpg,104.24729007633587,109.97459923664123,120.1029834605598,148,154,166,16.136904975939157,7.6156759926769055,25163,25.49837786259542,255,1
Banksy93.jpg,150.81102434928633,154.0772292191436,147.80473131821998,192,202,201,22.718892430482335,7.33487804275789,30571,25.87682619647355,255,1
Banksy94.jpg,183.63643703703704,171.1757851851852,163.24965925925926,98,97,93,25.107789304763912,6.895798079072891,8674,23.048222222222222,255,1
Banksy95.jpg,133.6108518930454,134.73198735859805,134.00290037888035,180,181,183,6.363860174657879,7.035260364692596,51598,21.99478474350975,255,1
Banksy96.jpg,177.40245427790623,162.66907714946396,147.9829514399832,246,244,245,26.29923234335859,7.70176664386889,5091,8.568793357157872,216,1
Banksy97.jpg,88.68644420131291,96.94141502552881,104.89689642596645,171,207,231,35.56201060320373,7.318743056266844,2647,8.037800875273524,255,1
Banksy98.jpg,129.3465407220823,119.85648194794291,121.58075146935349,148,149,151,28.64972098245429,7.6142125520180475,26567,37.04672544080604,255,1
Banksy99.jpg,105.50690625,105.50690625,105.50690625,162,162,162,0.0,7.450365049147608,1186,4.621875,255,1
Blek1.jpg,246.08572788065842,244.39861454046638,244.33873542524006,255,255,255,16.843341066993684,1.0792132093296438,33120,4.146810699588477,255,0
Blek10.jpg,186.73134674922602,187.06393962848298,184.07965944272445,227,227,225,9.700451924015075,5.531909405299785,18199,18.191447368421052,255,0
Blek11.jpg,100.4388761904762,120.63271666666667,140.01010714285715,222,222,222,42.8339922727678,5.878372450050079,8646,4.808875,255,0
Blek12.jpg,168.17943913107948,102.6020740658363,78.22721863879003,18,14,5,74.23883398235228,7.774803487383221,18353,19.177463300711743,255,0
Blek13.jpg,112.74472309299895,120.09361098671444,112.81652485445589,115,117,103,25.208058349790978,7.219126884225205,5454,24.49126735333632,255,0
Blek14.jpg,178.56794249775382,179.9359748427673,181.3781311769991,227,227,227,2.994908397598219,5.9100756037810385,2134,6.612129380053909,255,0
Blek15.jpg,150.6333546749594,168.28018506238615,169.4132539119963,234,255,255,29.28228746500666,7.595536906565574,7787,14.19322936912629,255,0
Blek16.jpg,103.76627758622507,93.8079798395175,81.88466769999684,244,239,243,22.714942073817117,7.684130399366768,21156,31.067361528485115,255,0
Blek17.jpg,129.34219733333333,147.43727733333333,163.97236266666667,192,210,220,20.248171410059662,7.418557429508744,13658,13.37152,255,0
Blek18.PNG,124.55187107586366,124.3102455451993,122.68864646336282,170,170,171,12.596364611262608,7.518132256608836,15259,21.496165714217636,255,0
Blek19.jpg,137.3135776243583,128.2848468755532,128.35517790759425,179,169,168,9.770437757004927,6.83187717406378,4047,15.460701009028147,255,0
Blek2.jpg,107.9831478532808,67.61521003253299,68.13774256552419,107,105,106,53.62123778707742,7.47081797698881,33423,15.919243149743401,255,0
Blek20.jpg,124.82081632653062,124.43758503401361,125.62979591836735,110,110,110,11.282604468739166,7.412629947165405,5093,38.43214285714286,255,0
Blek21.jpg,153.7861111111111,124.69383986928105,114.72818627450981,170,157,141,82.89779884321611,7.3563471428576905,25316,62.47083333333333,255,0
Blek22.jpg,122.76047911547911,106.21883701883702,94.38015561015561,88,86,71,32.59232806010697,7.546397790780562,22223,19.483169533169534,255,0
Blek24.jpg,128.36380349608197,118.20198915009041,102.59749849306812,96,75,8,37.095417925793555,7.837577922966366,5543,38.180831826401445,255,0
Blek25.jpg,58.58684807256236,59.34789115646259,61.38031746031746,27,25,28,2.8689263267482352,6.169646293726322,4777,21.30204081632653,255,0
Blek26.jpg,121.35960695389267,116.57046107331821,111.65744520030235,70,64,48,27.658997641388396,7.76794061938072,24783,63.42426303854875,255,0
Blek27.jpg,127.86738552787664,120.9363724792408,112.67749466192171,145,143,122,18.838824565230855,7.641881424186517,39148,33.50270462633452,255,0
Blek28.jpg,111.82063912429379,102.44516242937853,91.93469868173258,163,135,123,43.8622867474119,7.575125069880754,11848,13.113921257062147,255,0
Blek29.jpg,152.83962585034013,151.8223299319728,136.23619047619047,203,202,181,27.33757791035503,7.37600868631223,7632,26.3109693877551,255,0
Blek3.jpg,172.722126984127,170.8814896943852,170.85185548448234,192,192,192,4.429137121404818,5.193629312102292,10227,2.8835963041933192,255,0
Blek30.jpg,179.80908854166665,36.061171875,38.141328125,216,22,23,113.09514935266921,6.93266208057986,3870,23.049609375,255,0
Blek31.jpg,86.53054291780407,87.19087048832272,90.50776463451622,191,195,198,4.435368456218061,6.9729180001699405,12932,43.598271155595995,255,0
Blek32.jpg,172.5173740510697,48.20229468599034,39.63923395445135,253,251,236,131.74019980175757,6.7446844462077,4271,20.04891304347826,255,0
Blek33.jpg,173.18960746460746,158.2420205920206,144.98690476190475,163,129,104,27.05827395240554,7.304755057192643,5314,26.61993243243243,255,0
Blek34.jpg,132.09291666666667,117.98502083333334,121.09190729166667,125,128,135,78.58271484143373,7.7307563084260895,43323,13.91078125,255,0
Blek35.jpg,189.72305165468487,134.62389295677414,92.28124171585918,157,155,156,81.60962604686483,7.762837907906326,10445,5.288654717574956,201,0
Blek36.jpg,138.43617251203457,125.2902328323018,106.64698300422438,233,207,190,59.38863891026803,7.6137042301077535,26738,23.994400235779548,255,0
Blek37.jpg,164.77745676711194,166.44982396189292,163.3089468779124,255,255,255,28.695922215524465,6.819942941127599,33045,16.218126747437093,255,0
Blek38.jpg,123.47855624452546,129.23875490328456,134.2272241783428,251,251,251,22.444038490939374,7.375857096711416,41211,15.670603142949137,255,0
Blek39.jpg,228.10544388944388,228.47885214785214,228.5648991008991,255,255,255,4.194262933093965,4.462291492744455,9802,2.6655694305694304,255,0
Blek4.jpg,140.64377777777779,99.23834234234235,69.82446246246246,59,48,2,59.79310052292957,7.803369458030909,47277,60.80486486486487,255,0
Blek40.jpg,165.4529900332226,140.04426910299003,102.49615171650055,220,214,182,64.00606045335566,7.559705319028793,14045,47.27948504983389,255,0
Blek41.jpg,221.7635294117647,209.93770220588235,164.0748161764706,234,234,232,70.94793943087558,6.315987735070453,5328,4.975,255,0
Blek42.jpg,67.29119837508463,91.73949447077409,86.24398555630783,56,79,73,20.24664652285589,6.756381385217831,4079,14.145565335138794,255,0
Blek43.png,135.0168253968254,122.97754920634921,117.3420126984127,252,228,216,27.713948684031173,7.64423386935279,45038,53.61961904761905,255,0
Blek45.jpg,220.81438026346493,217.27234891071467,209.0162236694173,249,247,235,5.761028220193485,5.436333669271749,35285,9.604219257122251,255,0
Blek46.jpg,164.2652990608008,163.2451309935739,163.7560718405009,231,231,231,10.581659910115867,5.594895256096955,5282,13.340336134453782,255,0
Blek47.jpg,178.50564784053157,182.4717331118494,181.543992248062,231,228,223,54.28871697226132,6.672417016995316,4426,19.499169435215947,255,0
Blek48.jpg,149.57277659574467,128.58215957446808,103.5439574468085,155,128,109,30.862160500663258,7.356839896592269,5173,18.769627659574468,255,0
Blek49.jpg,205.2712225663121,120.94091288541807,118.9687659889592,238,233,230,126.99688524980866,6.287333763149015,33245,5.6181028679143665,255,0
Blek5.jpg,210.91330293417923,209.8362807295797,206.9387192704203,191,187,175,4.503049938445364,6.100416022322026,4638,15.24236716891356,255,0
Blek50.jpg,113.27859879584018,116.49720853858786,123.2515234446269,116,120,121,30.22361535478602,7.5179311595877625,20420,56.313081554460865,255,0
Blek51.jpg,150.57452141256894,154.1989444508272,159.60653650620404,144,152,155,9.949836667616314,6.763460310561008,19193,5.13720703125,236,0
Blek52.jpg,154.42716981996776,154.42716981996776,154.42716981996776,222,222,222,0.0,7.709500288599287,21580,28.65222156873229,255,0
Blek53.jpg,135.84600097475715,132.5222513528957,127.43506940943162,127,124,115,9.80764749110423,6.810596369550748,18717,11.133911465160836,255,0
Blek54.jpg,123.58914199097171,122.10797523657772,115.17782716810463,218,213,193,19.773382524002628,7.851722122002562,382363,23.510648321642712,255,0
Blek6.jpeg,131.37728738187883,136.1135033351862,130.6097352695942,253,255,254,11.50002340342711,7.186134546900918,484979,50.04640772651473,255,0
Blek8.jpg,149.67760942760944,134.6456228956229,112.03554593554594,245,231,194,55.32186477937169,7.571348302909596,4855,28.32106782106782,255,0
Blek9.jpg,205.1248584094573,201.51906421278883,193.44627324019345,232,228,219,4.361239442725711,5.662806364943137,12526,3.3599435787211176,255,0
Brainwash1.jpg,141.57364297443115,131.0975416373446,122.58951442646024,123,89,103,63.45193255123584,7.924173505000866,208551,69.33451794510908,255,0
Brainwash10.jpg,138.02697587131368,121.7533619302949,106.7466273458445,209,183,150,63.80529957138325,7.903175093920772,101378,75.16962466487935,255,0
Brainwash11.jpg,120.36416304347826,147.00565217391303,163.07196195652173,255,255,255,98.25638671324683,7.811393745020458,63433,55.38904891304348,255,0
Brainwash12.jpg,151.6227947368421,139.52826842105264,131.87497368421052,224,180,57,74.88428763572648,7.901264593549627,66502,62.72463157894737,255,0
Brainwash13.jpg,155.78018436873748,157.65038076152305,145.33928256513025,200,5,11,86.80455069685809,7.738798053363487,67748,56.53028056112225,255,0
Brainwash14.jpg,140.539424,144.774804,145.05736,61,65,66,88.1245660843219,7.8357580786454095,84205,57.60756,255,0
Brainwash15.jpg,135.972015,134.10092,128.269865,185,116,199,67.9927814494785,7.835298690002287,80519,61.364475,255,0
Brainwash16.jpg,161.18009090909092,163.22631515151514,152.8986,165,175,184,77.72428350549546,7.769945990474858,72271,67.00627272727273,255,0
Brainwash17.jpg,173.87263243243243,120.92304864864865,125.29736216216216,241,129,187,115.22112492624123,7.832550084412165,61714,52.91594594594594,255,0
Brainwash18.jpg,140.56196825396825,133.7164761904762,123.07844973544974,250,248,249,65.10944810583602,7.8409269314473695,67437,58.99269841269841,255,0
Brainwash19.jpg,180.4724946236559,167.41127956989249,170.97287634408602,187,224,230,47.36991457806119,7.564908597751402,33828,41.160564516129035,255,0
Brainwash2.jpg,172.49364968152867,157.60210031847134,149.18571496815287,238,234,233,52.47389015878945,7.662534469731193,245523,53.009140127388534,255,0
Brainwash20.jpg,145.82617808219177,135.5933789954338,123.1776301369863,177,135,87,70.66221278071983,7.835705434057174,59355,62.83013698630137,225,0
Brainwash21.jpg,157.00402257336344,124.53638826185102,106.25057787810384,211,194,0,98.18027029462155,7.744153002112503,56213,52.14433408577878,255,0
Brainwash22.jpg,180.9321698630137,155.74875616438356,153.6550082191781,255,253,251,65.83220860049987,7.6072933303569155,33846,45.053260273972604,255,0
Brainwash23.jpg,150.10063414634146,158.0890948509485,167.14038482384825,252,254,255,60.95954397338408,7.626995657500184,46013,51.840325203252036,255,0
Brainwash24.jpg,152.73543083003952,136.06701976284586,133.07984980237154,255,254,252,72.75890918859194,7.774645680257263,51645,67.19905138339921,255,0
Brainwash25.jpg,160.8732460496614,149.86434762979684,133.11237020316028,205,196,181,72.98835520553217,7.861427360846513,86080,71.0834085778781,255,0
Brainwash26.jpg,198.0990612244898,159.6358724489796,160.77477551020408,255,254,251,66.24312691529025,6.417492192410467,44298,39.212755102040816,255,0
Brainwash27.jpg,157.73026573426574,151.72702797202797,137.6214965034965,190,172,148,67.59466638023713,7.838052926067823,64447,68.09748251748252,255,0
Brainwash28.jpg,145.0672842105263,136.67206315789474,126.43655263157895,96,125,95,66.7900661293007,7.870685803349048,65993,56.69992105263158,255,0
Brainwash29.jpg,150.47321784776904,146.75141207349083,143.8882467191601,246,250,249,70.2065661095927,7.783778348772984,56380,54.508425196850396,255,0
Brainwash3.jpg,152.46984,149.93680666666666,144.0034,192,192,166,45.69573536642699,7.781791779040941,235425,55.58932,255,0
Brainwash30.jpg,140.85813648293964,131.1825879265092,124.06556955380577,247,246,244,72.80110858909812,7.905498531514825,57250,56.5096062992126,255,0
Brainwash31.jpg,133.3018105263158,130.54336315789473,125.37387894736842,8,127,183,58.83871807067189,7.868060200866933,64534,61.86836842105263,255,0
Brainwash32.jpg,146.94897975708503,147.1488097165992,145.7477085020243,192,185,133,65.66032656445317,7.8513801589528915,82034,56.71633603238866,255,0
Brainwash33.jpg,148.0349589041096,143.35114611872146,134.32929680365297,196,220,206,63.210643059626435,7.930659251208444,95621,65.28,255,0
Brainwash34.jpg,114.14637866666666,109.378192,104.33656533333334,226,230,233,44.39203909964957,7.703591178603126,61844,60.4384,255,0
Brainwash35.jpg,148.66708421052633,140.54375789473684,129.55263684210527,140,72,63,69.30279727263006,7.905789386365586,66859,63.09371052631579,255,0
Brainwash36.jpg,119.70581278538813,101.78884474885845,84.85673515981735,247,233,64,68.71950821986891,7.793823067186177,63775,53.681575342465756,255,0
Brainwash37.jpg,155.981465,154.233545,144.616675,231,230,212,66.47324378698725,7.857497745397331,78093,60.96285,255,0
Brainwash38.jpg,147.99066666666667,143.95466666666667,137.64532132132132,249,245,244,65.89652360948503,7.88696974950638,77202,68.01225225225225,255,0
Brainwash39.jpg,181.8148157894737,154.52012105263157,144.60234736842105,235,128,184,70.58491701861439,7.75995832577328,72998,62.44144736842105,255,0
Brainwash4.png,143.2305775388838,135.0054082799634,124.29404505946935,177,162,133,59.75090595597462,7.880016188284956,168247,43.42378202195791,255,0
Brainwash40.jpg,151.67242631578947,140.77532631578947,133.08116842105264,201,197,152,76.37158505414908,7.910191220023586,85661,69.60694736842105,255,0
Brainwash41.jpg,126.98321052631579,146.63216315789472,150.26946842105264,177,175,178,72.46727996740245,7.784777822318115,64573,56.293263157894735,255,0
Brainwash42.jpg,163.21716842105263,132.90452631578947,141.65195789473685,244,209,153,79.37798387283755,7.736019099501734,73689,56.295947368421054,255,0
Brainwash43.jpg,146.04107901907358,147.99700272479564,139.28903542234332,255,254,250,79.18236071715425,7.89020282028075,82502,65.60378746594006,255,0
Brainwash44.jpg,152.68643975903615,134.52557831325302,126.63078313253013,255,244,235,83.44426120642063,7.942433237190412,74096,68.35996987951808,255,0
Brainwash45.jpg,183.3641894736842,195.66097368421052,191.2982894736842,255,254,255,64.43211112716057,6.973223810504007,64699,58.590947368421055,255,0
Brainwash46.jpg,177.52275263157895,185.22253684210526,176.7384105263158,255,253,254,66.7655045922859,7.227406733440895,91381,70.59071052631579,255,0
Brainwash47.jpg,176.920296,167.912952,163.450228,253,250,243,68.60084675814996,7.33447126345632,118911,68.61846,255,0
Brainwash48.jpg,138.96704632152588,149.0122288828338,152.41392370572208,255,255,255,73.37160361311774,7.152690300172968,48632,46.664305177111714,255,0
Brainwash5.jpg,140.5593873355263,143.2483675986842,148.11550986842104,74,74,74,77.53180029759645,7.8413664959740235,127019,51.026212993421055,255,0
Brainwash6.jpg,181.79457881136952,177.28732299741603,174.3454315245478,255,255,255,72.3386676245984,6.25194978476977,38872,34.699767441860466,255,0
Brainwash7.jpg,157.91717894736843,138.51664736842105,136.8106736842105,253,250,245,77.71940027462641,7.883764066074857,67188,61.03626315789474,255,0
Brainwash8.jpg,83.22617158176944,91.22953351206435,107.43542091152815,78,166,168,65.77798192132427,7.71957022364967,40756,42.438016085790885,255,0
Brainwash9.jpg,174.35774412532638,179.00981201044385,175.89133159268928,255,255,255,72.18524030468274,6.17956479647695,52740,37.26728459530026,255,0
Harring1.jpg,207.48732670744138,187.67238956846754,183.70951070336392,252,252,252,72.75016370332362,4.053816357873718,7057,9.753988277268094,255,0
Harring11.jpg,213.2162831858407,206.47715044247786,200.38825790139063,255,255,255,67.03368624288724,2.967279812922506,7104,8.669677623261695,255,0
Harring12.jpg,166.97357410087875,153.97918396886791,157.00924629634025,237,231,207,73.2269674663923,7.36481283309891,7156,10.344392900363049,255,0
Harring13.jpg,123.0986887755102,130.02471501457725,133.21174198250728,226,225,230,95.22032666843255,6.808684974190328,4016,9.38091472303207,255,0
Harring14.jpg,87.71531092983746,101.98449266805635,120.13168821466871,77,80,95,76.80998812763659,7.505188433556977,11148,24.372682033424507,255,0
Harring15.jpg,210.6760903315371,203.86276274724867,180.94937131412038,255,254,252,21.273690313568,6.010981896738994,4534,3.6555580282630467,255,0
Harring16.png,147.65309512410963,157.15391478434958,130.81374853113982,216,220,215,83.53420405226615,7.121732623483445,4701,16.634134134134133,255,0
Harring17.jpg,115.8369506016466,136.61728361832382,154.20645292379143,83,150,205,59.48296666628116,6.414014466935052,48928,12.848511716276125,255,0
Harring18.jpg,185.10554406117583,183.22701395325743,176.34083789890096,60,59,54,4.647545447538247,5.979955960320392,5002,4.562985177767479,205,0
Harring19.jpg,192.75331739707835,158.85121735281098,130.24627888446216,231,230,226,115.19603694168225,6.425023970265953,9035,8.736600265604249,255,0
Harring2.jpg,111.4666075,146.03427175,174.06598375,210,210,210,61.02010521282008,7.038529902141451,11962,1.601145,255,0
Harring20.jpg,177.283801,176.356141,88.228718,154,154,154,134.83736550627435,6.903599332521345,11685,9.83433,255,0
Harring21.jpg,137.216988,141.071345,113.318173,154,154,154,88.19569408173288,6.952884563657494,2444,7.36746,255,0
Harring22.jpg,149.80865518108652,114.64325503018108,110.05276483903421,198,195,186,87.9443383352199,6.504092876819651,4058,3.195452716297787,255,0
Harring25.jpg,211.37729423868313,208.3383957047325,208.12920910493827,255,255,255,28.332090872414394,3.4002475873333196,20878,8.139438657407407,255,0
Harring26.jpeg,153.2339802303306,114.61842362937253,92.86434674025915,244,208,96,101.40036227933078,7.309707644865376,5821,5.1679515000682885,230,0
Harring27.jpg,159.86644101123596,150.3749915730337,144.4782893258427,65,4,11,34.99116144496206,6.905159360171497,6799,17.49185393258427,255,0
Harring28.jpg,204.11744974059664,159.7823070687419,157.37739948119327,255,254,244,93.5451687936849,6.174718659680351,48961,30.030714980544747,255,0
Harring29.jpg,204.689328125,202.5301234375,195.5418109375,255,255,255,83.7170250041821,3.0648999446776517,10417,11.8539140625,255,0
Harring3.jpg,191.36088775,155.13772375,68.9789855,255,253,254,132.35931687653078,6.245215114433193,42018,15.64252875,255,0
Harring30.jpeg,143.50750199532584,128.3237457388867,114.06247483453483,243,242,238,84.9951154872956,6.217022104758608,5105,5.534224316179979,255,0
Harring31.jpg,127.71858391608392,115.99254807692307,101.33349213286714,250,250,250,107.3894588035071,5.626389253184389,29144,28.40720061188811,255,0
Harring32.jpg,144.72512755102042,130.30242665816326,82.8942506377551,8,0,7,111.15599068454289,6.687000683880667,3041,9.995902423469389,255,0
Harring33.jpg,175.69458653026427,183.91193520886617,159.5157715260017,10,11,6,58.5540013422468,6.951833068500214,4408,18.14673913043478,255,0
Harring34.jpg,136.2954873046875,140.85726904296874,108.39001806640626,226,226,238,117.4116930314156,6.742867046069226,1401,4.49076416015625,131,0
Harring35.jpg,189.48326842105263,182.55082894736842,190.57290921052632,233,230,237,59.25600463701142,6.408427050998138,13464,9.186375,255,0
Harring36.jpg,159.83256724028044,146.53825239005735,136.65718929254302,173,172,170,91.83410492636304,6.992994193180304,40917,24.25279158699809,255,0
Harring37.jpg,186.32152249134947,178.87917820069205,116.15664878892734,231,231,231,119.2611399863913,6.594604443141706,12360,10.653088235294117,255,0
Harring38.jpg,168.4145325203252,177.67281018027572,153.37582272887946,255,255,255,91.57788005151843,4.527079305610737,5513,7.850331389183457,255,0
Harring41.jpg,149.43930605515587,167.63591476818544,117.92575489608313,241,241,241,113.04313647175405,7.106049287346188,2948,5.799033273381295,242,0
Harring42.jpeg,131.86474260325656,103.43058975377284,38.65212718427323,196,178,50,90.14119863615836,6.953798660483941,85634,16.12057870830024,255,0
Harring43.jpg,181.47337517945374,125.1550168924274,81.16394485732013,189,169,132,108.0329593538357,7.479158574970777,54551,21.188360189122726,255,0
Harring5.jpg,192.5516577305108,181.61246954562395,125.72079772693492,247,246,241,97.57592920013471,7.178097389410476,4907,10.290767934961732,255,0
Harring6.jpg,156.97279427083333,145.31418697916666,96.184653125,246,242,239,124.03133077715574,6.279111468171919,5422,8.7437109375,255,0
Harring8.jpeg,171.51439911489214,143.06453553321302,17.741702113946893,190,37,29,116.3992215118242,7.447345851507656,99607,81.23783513792215,255,0
Harring9.jpg,196.69648339765902,157.8305176047167,128.7263218336372,245,243,218,94.41169826863702,7.137445669632407,7747,10.069258636611181,255,0
Noir1.jpg,113.41154995841131,108.24188838635891,103.78952536909961,65,59,69,42.021089410852056,7.025235194338376,363541,24.02343652526513,255,0
Noir10.jpg,155.31435267130533,134.17496617635092,101.65916061401367,254,252,253,86.50267952394124,7.810392554304216,36003,20.544109344482422,255,0
Noir11.jpg,90.06103698332124,96.44145757795503,136.85450326323422,47,75,76,86.2115641253928,7.768695388143101,928,6.49427121102248,255,0
Noir12.jpg,148.02362546359802,140.53861098409794,118.73488899049941,118,114,77,55.85412842597192,7.934617186885012,328076,53.61412894375857,255,0
Noir13.jpg,172.88063582842724,164.0546453602467,150.96528399215026,34,32,33,79.4418703947366,6.521799069443629,325,2.0355677039529017,255,0
Noir14.Jpeg,77.171951,80.478598,102.39038666666667,26,24,25,97.49683742682258,6.7118973109415005,11013,3.677525,255,0
Noir15.jpg,93.60168390804597,163.21770689655173,164.5701724137931,144,242,243,96.40381952525033,7.021654169956039,320,6.7443103448275865,255,0
Noir16.jpg,126.6291425425574,118.23075267220902,95.28576553840064,210,219,218,58.08209606204675,7.470963491850719,63399,15.07516515736342,255,0
Noir17.jpg,118.50984930300564,121.99031518434214,102.4409947330819,53,51,10,58.435138419389745,7.727416701000614,486425,58.837435825012044,255,0
Noir18.jpg,140.91683701548865,132.0226555743376,115.8415620823178,182,185,168,54.7296210160865,7.8274381874385695,15135,17.029843393741647,255,0
Noir19.jpg,150.83431458333334,153.63291145833333,158.368353125,243,248,252,68.12723548394916,7.554078714874893,6569,4.9374375,255,0
Noir2.jpg,60.0563558830096,116.81310247823174,171.41437731636526,40,131,202,84.98137338622664,6.542215184753792,8693,11.780214333556598,255,0
Noir20.jpg,134.678,178.92339070567985,116.8923313253012,255,255,255,139.41757161138185,5.690016610151576,559,2.1380938037865747,241,0
Noir21.jpg,51.42654950115119,135.84681964696853,140.7363215656178,248,248,248,125.27512429395777,5.688211777180846,554,2.034716039907905,255,0
Noir22.jpg,127.43416547220895,135.32955088389872,143.72951505016724,121,156,188,53.20242510800697,7.264437883353341,1689,16.924868609651217,255,0
Noir23.jpg,168.97134085957615,174.70140621905327,117.07498514557338,155,109,60,97.62055387668029,7.71628128233711,574,19.696969696969695,255,0
Noir24.jpg,136.92272980279898,150.71201097328245,50.30774888676845,50,45,41,127.55935327168523,7.475860966557675,540,13.80844465648855,255,0
Noir25.jpg,138.6868428868429,84.61136521136521,95.37057717057716,124,118,122,103.87318589816556,7.558241430941681,1542,28.804573804573806,255,0
Noir26.jpg,77.71639533495204,98.37674640767425,102.05761652668869,12,7,13,66.14001546435937,7.714501446403857,13431,54.66823229709828,255,0
Noir27.jpg,119.65535034482758,162.14888551724138,136.65603586206896,54,52,55,104.0475866596774,6.796960404433203,745,3.516537931034483,255,0
Noir28.jpg,117.83699028725512,76.65621010345586,26.863995432533567,21,12,7,85.24299217813734,7.4529624041763505,17226,13.682991002641426,126,0
Noir29.jpg,116.76925114726741,95.2600156445557,29.308759908218608,7,6,1,109.81863372252941,7.409704030840282,16063,19.021010638297874,206,0
Noir3.jpg,227.6895052473763,233.17094002998502,194.6125907046477,255,255,255,95.63377403792899,3.7787106089359788,646,2.645577211394303,255,0
Noir30.jpg,127.72942229652492,133.02963213020118,131.66151363168726,187,202,221,56.857931988234114,7.812590005116811,71093,4.5128740140603565,238,0
Noir31.jpg,35.29908156711625,145.89850674373795,200.35215799614645,8,77,255,155.30453973148462,5.308223049202963,518,4.3973988439306355,255,0
Noir32.jpg,145.0467808888889,142.61090711111112,154.15571155555557,254,254,254,56.6808038863196,6.872020228897855,13011,10.370113333333334,255,0
Noir33.jpg,124.11974164810691,136.05893541202673,131.98714922048998,201,210,219,66.61384944391138,7.055390640666039,3285,10.368106904231626,220,0
Noir34.jpg,142.3542560253268,106.69011267701525,113.37535530705338,246,246,246,100.0858255418943,6.982927513017272,1169,9.869791666666666,255,0
Noir35.jpg,144.12595287595286,128.2997435897436,93.49640332640332,113,111,98,66.13335049015981,7.92340071567974,31046,34.98076923076923,255,0
Noir36.jpg,106.47417477284338,151.78587872291402,195.46992316246082,79,160,213,70.28106453752874,7.706436893326923,9663,21.544244197112832,232,0
Noir37.jpg,130.2454651722992,66.35361198979687,53.60553814782586,53,20,13,81.11859644168833,7.610425451763158,12082,19.929657418369366,255,0
Noir38.jpg,63.40250379362671,102.60225699944972,118.44904867514883,105,105,105,88.65381772184855,7.537790973379283,42497,32.44001067218063,255,0
Noir39.jpg,126.30998323710187,97.39580555038182,113.02034270813932,53,40,50,108.29967084597122,7.505296532100286,2248,9.982473458744645,255,0
Noir4.jpg,58.07678933333333,91.62514666666667,138.13308266666667,30,71,125,59.09109107462642,6.888659012147125,493,3.84336,255,0
Noir40.jpg,170.37820133333332,146.797752,124.52720533333333,252,213,112,58.755197590129654,7.631579993981911,3062,8.52176,116,0
Noir41.jpg,130.33847039473685,108.62858004385964,96.2612774122807,11,7,4,65.90501812704396,7.770563688678728,2436,14.740789473684211,255,0
Noir42.jpg,91.83858651367755,97.18038413569468,112.11675563315873,100,143,188,63.045729170150324,7.703589242583878,10311,21.75228236467947,255,0
Noir43.jpg,125.9096507936508,88.37462830687831,78.05277777777778,127,118,113,87.9793143653084,7.784263905899057,8977,13.173313492063492,203,0
Noir44.jpg,94.84439662447258,122.90950210970465,125.6979282700422,199,149,208,88.03626774359668,7.906292143181642,56966,58.14753164556962,255,0
Noir45.jpg,155.03188235294118,97.87444705882353,99.69312156862745,163,48,89,94.34323133477541,7.828729814119223,5822,19.693,255,0
Noir46.jpg,162.98221068643667,135.70907981598535,132.9828125,138,136,141,108.76166448676581,7.0359181216524185,1652,2.932309819529773,171,0
Noir47.jpg,103.3157066289953,93.8452511335799,91.61755368962397,130,124,128,39.688197387299525,7.410022693614061,9971,13.987674798812717,255,0
Noir48.jpg,61.8876113671275,120.89181515617,158.48258986175117,237,237,237,102.23081470241091,6.347695756272789,594,1.7022196620583718,255,0
Noir49.jpg,102.60068426724138,122.98087823275863,106.5033297413793,21,183,230,131.6821486401406,6.8404343777495,9813,16.006196120689655,255,0
Noir5.jpg,94.95332824649371,117.62146282973622,96.92206053339147,1,48,100,99.32864446702838,7.741164443933199,2615,6.790086112927839,125,0
Noir50.jpg,141.53880654631897,135.723223990979,107.0061308247915,255,255,255,82.90273324636075,7.064861109318424,8830,17.09722970021435,255,0
Noir6.jpg,176.69008039192883,138.41863406408095,34.04005422457406,255,253,252,132.35650143107821,6.752877799106441,1296,11.185072250974008,255,0
Noir7.jpg,58.64861603768099,160.76394138512532,173.04441181601442,255,255,255,114.95047929034692,7.010365330194224,23946,34.55055751003082,255,0
Noir8.jpg,96.3605150462963,92.66719618055555,69.49147424768519,32,46,46,103.37859655265368,7.577732997908174,3126,8.227734375,245,0
Noir9.jpg,73.36238541666667,101.4661625,110.80849375,255,255,255,68.48787325470755,7.578566890802463,54443,28.4123125,255,0
Pink1.jpg,94.40029008438819,70.04678709563994,77.3542062236287,170,103,112,60.85072481912653,7.390678696183004,2515,8.986418776371307,196,0
Pink10.jpg,148.3191882660237,151.32788828611612,152.79730761502913,28,46,48,67.19157968671682,7.806564395641747,19087,56.5206449668475,255,0
Pink100.jpg,131.20197575514032,111.88148148148149,113.50316790569956,111,107,106,50.700365764859484,7.8270518090006185,29500,44.21468756278883,255,0
Pink11.jpg,123.95295048399106,104.01351141722512,111.67301129312484,134,179,212,61.04116581264914,7.807930349598965,29488,73.5878164556962,255,0
Pink12.jpg,92.55629139072848,73.70040098359739,100.31989269846592,60,47,65,35.410641162327266,7.509646622411027,16603,41.46858496101937,222,0
Pink13.jpg,158.30432971559483,137.4266694436088,97.63283425512384,102,64,101,75.59948095991838,7.90709795928768,42002,33.91109156966654,255,0
Pink14.jpg,139.54684375,117.98965625,109.444375,181,158,178,63.29422537708879,7.735543167533078,8202,42.9409375,255,0
Pink15.jpg,120.40650463205124,80.2462310097523,77.06100126698516,255,254,251,77.88345305971268,7.687067270043343,18932,39.51075775011333,255,0
Pink16.jpg,116.25960665956524,104.84227916518721,114.33059139148617,162,172,173,35.298442984670146,7.811580813549785,18497,49.874245472837025,255,0
Pink17.jpg,117.23814282541798,113.33329367723105,92.42527204086164,90,93,62,51.155577345596676,7.853998759234327,16241,42.92067193299705,221,0
Pink18.jpg,147.16674480387562,128.5458497979595,108.72527515460006,157,141,107,71.62270277671519,7.89252887859502,24849,47.42858817225906,255,0
Pink19.jpg,79.45053321227012,85.8452349160569,87.88247075789137,142,164,175,24.781430276096078,7.540764018644918,8984,35.553997756769746,255,0
Pink2.jpg,96.433033286451,96.32272855133614,58.61030473511486,193,184,189,66.77179264740899,7.673483133044839,16618,43.58073136427567,255,0
Pink20.jpg,127.08834963978406,118.94662170876863,131.89871114550513,255,255,255,62.69240041749653,7.861934228031596,21321,38.55211154717816,255,0
Pink21.jpg,179.1289158424573,155.93643751611108,149.18485354172603,255,246,244,60.990653561689925,7.739213149518518,40295,67.24856526517156,255,0
Pink22.jpg,128.99586355663016,109.4432098326459,115.81336817901673,38,33,27,68.50033141441618,7.920303466999824,55254,64.32877613426255,255,0
Pink23.jpg,129.44920663219824,112.94558150591311,85.14246746300589,99,75,29,67.00815537123185,7.886175707866121,19082,39.258513103940096,255,0
Pink24.jpg,153.7022815590012,125.5127544149898,119.51807035768792,217,215,194,59.09677705793317,7.808923804849175,17721,42.67823477357547,255,0
Pink25.jpg,135.44546845313002,128.3572926690848,75.82537567547561,216,214,52,79.0412539925399,7.3856083368804475,2788,24.50144348212303,255,0
Pink26.jpg,152.49138232400836,117.80782582538637,107.61881417526402,178,57,49,59.61717286046491,7.725566092556089,24124,27.289517328845637,255,0
Pink27.jpg,156.52070485773018,149.29250513902412,151.81989072811857,255,251,255,60.49376116570707,7.83168632328468,25451,42.30688088283025,255,0
Pink28.jpg,112.75995499296765,69.88134458509143,65.12992405063291,71,46,16,77.45614616645938,7.656606255772383,13098,39.01679324894515,255,0
Pink29.jpg,86.39576990866848,84.22882728907405,76.5001869358543,45,43,44,58.20339372619554,7.618178830634863,21765,38.263165625166906,255,0
Pink3.jpg,119.84784858496198,84.52213111491461,72.50189069776698,36,23,30,59.871443384319036,7.768247568736105,11762,54.734207698125225,255,0
Pink30.jpg,128.99586355663016,109.4432098326459,115.81336817901673,38,33,27,68.50033141441618,7.920303466999824,55254,64.32877613426255,255,0
Pink31.jpg,104.72914561914384,119.39969493472792,134.55555555555554,160,181,182,87.24750575555517,7.9117822352018985,25871,64.05182147738753,195,0
Pink32.jpg,121.76849842609336,112.79137700087067,113.43287120755475,228,218,227,55.48010431482031,7.791211164000756,23447,40.81861563190677,199,0
Pink33.jpg,132.31783384778032,86.72051841153872,78.51165765204505,4,0,3,67.28055359125611,7.343771990382238,24990,43.62890436949565,255,0
Pink34.jpg,143.1475711349129,125.11902926539003,95.79143676295575,155,144,116,39.45630575431224,7.768175320442557,15409,38.44622281726712,255,0
Pink35.jpg,129.1342824049451,109.43383091633278,115.78746941814701,38,31,25,69.84426767496961,7.911351594222164,55748,64.15310427968656,255,0
Pink36.jpg,141.52772961128048,93.13188357469512,72.03867663871951,37,34,27,98.9696112815629,7.785603656628112,17574,40.930949885670735,255,0
Pink37.jpg,153.7022815590012,125.5127544149898,119.51807035768792,217,215,194,59.09677705793317,7.808923804849175,17721,42.67823477357547,255,0
Pink38.jpg,126.27849884114815,130.9613181196886,139.90725025257026,127,199,255,59.85295522557176,7.915348288854003,16362,30.80246033160991,255,0
Pink39.jpg,86.69044770967608,85.47949807478292,61.391664137401584,21,17,8,26.438854321338887,7.5685588727480475,79329,45.29610255128457,255,0
Pink4.jpg,129.06639329648777,133.78333630474833,133.07204492779462,255,255,255,48.580720865506194,7.786266588841679,14918,37.22633267962203,255,0
Pink40.jpg,151.04568650929411,148.04875841030903,152.91735802257955,255,254,255,63.731780368860385,7.831035850680995,22100,41.31681919261033,255,0
Pink41.jpg,182.8523260161299,131.31116274101373,132.238663675693,255,253,254,59.095136788168695,7.817209962923279,17336,36.59998397692677,255,0
Pink42.jpg,118.41851836833996,89.16782904873895,93.40659719406374,225,225,227,70.9187571852696,7.754425539102127,14208,53.8082880544968,255,0
Pink43.jpg,162.4925832161275,124.25831223628693,120.15772151898734,36,31,28,71.8699842083328,7.82982873921555,12601,35.312658227848104,255,0
Pink44.jpg,72.03715710152882,79.88888888888889,82.74830480372314,31,39,60,49.29461051343983,7.434088196671952,2872,22.38499536894103,188,0
Pink45.jpg,131.68244243421051,130.26253738038278,140.2965909090909,220,216,204,58.32103301207421,7.811173011841025,6036,30.488094348086126,211,0
Pink46.jpg,117.2845067999493,90.33627605439959,97.96582821752594,248,244,232,47.78282943917122,7.704102567530291,16502,33.820829032433316,213,0
Pink47.jpg,102.90213115926483,87.16301938067653,94.30298219266251,141,103,126,52.40855321772123,7.599473212404271,16181,34.26078094829436,254,0
Pink48.jpg,142.58444589793902,120.50278301463327,131.20181986072103,196,61,138,37.77292281432095,7.672477912310875,20509,44.78598360971105,255,0
Pink49.jpg,112.3166226032153,118.92944506756396,112.83355365059019,45,44,24,81.50106028795035,7.770904752122846,15197,35.84681941996475,255,0
Pink5.jpg,151.85991561181436,120.93218042431806,108.90740476614964,198,180,178,64.93531267005575,7.88205670088132,23319,43.88054911748975,255,0
Pink50.jpg,132.0760083339885,114.61438923395445,114.38954189270645,111,105,109,77.16239134819982,7.781006027968445,7485,36.76605865240978,255,0
Pink51.jpg,116.1757439484788,112.67929713524317,116.17672246280257,255,255,255,41.21729374840599,7.050789729549837,12030,31.2060709526982,255,0
Pink52.jpg,133.20624829673065,116.23135801076936,120.53203086089106,106,105,100,45.36235050630617,7.672602642674424,31590,44.600377773392346,255,0
Pink53.jpg,115.31672003271788,90.91719533969736,91.02873288047002,57,56,52,59.127310953944566,7.809898237145013,114972,54.52112697130203,255,0
Pink54.jpg,112.46313841215604,79.00812171572053,77.70666045403951,77,68,69,79.6706878976255,7.555399547846151,32277,53.244641609070435,255,0
Pink55.jpg,117.59167764939059,108.1666564501793,92.38821630347054,99,93,93,69.03688137078736,7.862655932826549,25144,44.77304073313513,255,0
Pink56.jpg,83.5219139621205,89.5440420671933,91.57168237048317,140,162,175,24.75820863434782,7.574962919436115,8137,33.156229180546305,255,0
Pink57.jpg,140.6351137529935,81.72792293876155,96.29270370053598,148,16,11,90.85222314315288,7.820024764848258,53459,46.622958005473826,255,0
Pink58.jpg,132.76310139065737,119.64010186502884,126.59124160487355,142,176,214,66.0874735075954,7.869764751809182,21163,37.174368961126504,255,0
Pink59.jpg,136.6446841385868,150.95325964224165,130.11066737980627,76,86,85,62.00537340252454,7.824434362833625,20229,47.8842931003744,255,0
Pink6.jpg,154.99836208584807,138.9041241610141,113.3290694155139,58,47,51,51.10087698708567,7.920600592910295,63968,66.44781819152914,255,0
Pink60.jpg,164.15072370880736,157.66420979543878,162.73990546386796,224,221,230,42.0994956408717,7.748026050708726,30366,40.91161272232014,255,0
Pink61.jpg,120.05449183892966,120.18741505040835,118.33054994149559,214,220,220,65.9635683151342,7.89619420453545,36834,53.461422543701026,255,0
Pink62.jpg,117.297357317344,112.79312997684083,102.35001268995273,206,200,204,71.41044803188058,7.818004517328014,14183,34.68318739887694,255,0
Pink63.jpg,72.03172561261478,79.88883743267813,82.72341714978332,30,38,57,49.30818101106414,7.434940120203263,2833,21.978234022846557,190,0
Pink64.jpg,115.97698018479944,88.02496483825598,117.37279905285834,79,55,91,51.96966844973823,7.795480318981635,15491,37.512951984190565,173,0
Pink65.jpg,144.65435001004622,91.02707789163486,62.97773089545242,207,143,204,96.83336517651969,7.619644973142137,8094,33.040184850311434,255,0
Pink66.jpg,112.32771708683474,69.3836274509804,64.77389355742297,144,120,82,74.33345669662654,7.632057541687872,8496,45.996428571428574,255,0
Pink67.jpg,123.17880918893577,131.71097046413502,109.0753800817092,252,255,253,56.76361361816949,7.41884313499243,47479,63.01135222021298,255,0
Pink68.jpg,140.03565103702383,129.53635823379093,148.48508943959112,255,255,255,34.02148882026424,7.502972165987838,19180,38.387145658762705,226,0
Pink69.jpg,156.47579925348913,149.30392594395758,151.7929040895813,255,251,255,59.23498042342411,7.829658544703344,23848,40.82400194741967,255,0
Pink7.jpg,125.08700629937006,97.89203579642036,97.07167283271673,76,53,71,72.80186064846316,7.891879968956927,25888,44.744200579942,255,0
Pink70.jpg,120.81923514834907,117.32777442904025,111.4093027928471,22,28,18,33.714520400272825,7.703912641124825,41305,47.81484830219007,255,0
Pink71.jpg,130.4328,96.20474666666667,95.61524,229,99,83,75.07452094364083,7.866886339833468,25495,61.2204,255,0
Pink72.jpg,163.23437332857907,117.26179948891662,83.8617341177869,207,160,114,69.9400431488341,7.878073195305466,23759,45.309591727580674,255,0
Pink73.jpg,146.91107167293876,96.58063205610674,72.11839648192496,33,30,25,116.2904353461021,7.656923774379843,19068,37.69821245295929,255,0
Pink74.jpg,115.68636169417294,107.06884580462533,110.04356273033167,116,86,112,50.403475854170814,7.913017313577962,26440,43.661071943598785,255,0
Pink75.jpg,153.91522212367977,126.79879195893467,141.20486978956703,223,101,174,44.52086807143341,7.826085158774482,23894,50.08475771990648,255,0
Pink76.jpg,85.47509036448209,76.30836609495832,79.01640601373828,244,245,247,52.85048271569941,7.631263523443426,111138,63.4598976109215,255,0
Pink77.jpg,158.71460657006728,132.1605501586367,115.04593377598971,58,52,56,58.25752100615429,7.934075709554196,38199,49.823128250417035,255,0
Pink78.jpg,123.2501247674788,90.65077582686811,64.78726577741482,227,210,194,65.9896111038964,7.515941314238601,23880,30.362307744657684,255,0
Pink79.jpg,150.54998790615173,98.60773379200373,90.21468820267498,251,93,45,79.7260491107119,7.716136049766172,35554,35.32700421940928,255,0
Pink8.jpg,151.55139925709545,115.02438782502074,127.74667315806556,147,46,88,69.00303018087536,7.85022654458729,7586,34.63499404955101,255,0
Pink80.jpg,131.16288929073738,111.90923581809658,113.46915142991092,86,85,80,51.77267760261175,7.831088363417961,29573,43.94996986136227,255,0
Pink81.jpg,114.00817755483273,94.87707541377644,106.05502214210135,97,83,96,24.91686957210961,7.294413509867328,14779,26.655562958027982,251,0
Pink82.jpg,133.2092507494385,116.22820050181839,120.55523761194591,105,104,99,45.60694045531083,7.674727040455266,32555,44.92388148064616,255,0
Pink83.jpg,102.7860482811095,102.31921560489728,96.19625786816076,104,123,67,44.503795997173704,7.748960689327805,30441,48.470637061631045,255,0
Pink84.jpg,130.6866402675506,96.34943976033162,95.54263160626756,244,104,91,79.27300623596368,7.884386031988267,49364,50.051500522791486,255,0
Pink85.jpg,163.59876766459044,163.11501573906637,165.23001808318264,255,255,255,53.86758819937093,6.821257299075829,27467,42.20795660036166,255,0
Pink86.jpg,131.81876745706305,138.54297854638378,139.57778570155108,117,110,117,36.31782949490011,7.613914953427179,27673,42.16660723836691,255,0
Pink87.jpg,150.12261705048041,150.73917369296353,135.56026275082246,15,14,9,54.8252769010062,7.855341072800829,7727,18.769853373711847,168,0
Pink88.jpg,116.80612658227848,101.5935611814346,104.50540928270043,153,136,126,60.02563270197932,7.848207212295919,27921,60.45113924050633,255,0
Pink89.jpg,112.74937444804239,105.53036993425572,97.3742517907958,44,33,41,47.00140636031887,7.646006522342183,18945,57.00967765675596,255,0
Pink9.jpg,144.03313119932844,128.90256146861952,127.07388936753043,192,152,152,69.72189464377747,7.845862104738172,23595,48.36138909139108,255,0
Pink90.jpg,151.0433914927586,148.0494141293192,152.89301089063747,255,254,255,63.709365916501184,7.830393818313618,22202,41.63487854943551,255,0
Pink91.jpg,129.80997244860606,106.43226306764542,129.41876192127623,101,54,148,38.23999426879841,7.397634003857976,18609,34.943789376336625,255,0
Pink92.jpg,128.9381761365439,105.66607975635291,93.27467402683925,132,87,81,47.19184972972803,7.757246055905015,18862,35.64790139906729,255,0
Pink93.jpg,113.86061545761103,109.67624930100148,114.36674969921881,255,255,255,43.117817254381876,7.287410986425047,11675,35.741828071780795,255,0
Pink94.jpg,157.7539029535865,141.4965141925585,113.23178461833525,148,128,137,53.34598558123151,7.927038564466,63811,69.60292002301496,255,0
Pink95.jpg,139.7000790412758,131.75262405412002,128.90121002894307,239,236,229,43.02349817455228,7.911027202552012,40994,55.39805418976881,255,0
Pink96.jpg,207.04266019036405,185.6717839269944,191.12877048376018,255,255,255,41.89758997358024,4.785703520256697,38859,33.53083603179276,255,0
Pink97.jpg,118.0886610804065,105.68056694597968,112.48032923278065,155,161,161,49.983537266859244,7.757089307083629,14984,46.39160278124443,255,0
Pink98.jpg,105.33017882258389,110.51124506061215,116.29124640010716,24,46,59,58.47037865320429,7.6192168709565005,13923,40.66063893911995,255,0
Pink99.jpg,127.54662845314863,116.10834328477033,103.52394713796673,98,97,92,38.65194265291683,7.690096924264302,4139,25.542631956054453,238,0
